sotu,nickname,unique_palm_id,run,scientific_name,bio_sample,bio_project,node,node_coverage,node_seq,serratus_link,rdrp_microassembly,assembly_download
u249886,rapaciousCurrency,u78967,SRR5368803,Sus scrofa domesticus,SAMN02645132,PRJNA237795,7,49,GSVDLHQATDHLPFEWMLSIWENLFEGRVSQMVGESWTLFCHVSKGAWLNEGYRDVWTVGQPLGALPSFRCLGLTHNLLLESLCFCLGLGHSPYTILGDDVVI,https://serratus.io/explorer/rdrp?run=SRR5368803,https://s3.amazonaws.com/lovelywater2/assembly/micro/rdrp1/SRR5368803.rdrp1.mu.fa,https://s3.amazonaws.com/logan-pub/c/SRR5368803/SRR5368803.contigs.fa.zst 
u249886,rapaciousCurrency,u78967,SRR5368806,Sus scrofa domesticus,SAMN02645131,PRJNA237795,18,23,GSVDLHQATDHLPFEWMLSIWENLFEGRVSQMVGESWTLFCHVSKGAWLNEGYRDVWTVGQPLGALPSFRCLGLTHNLLLESLCFCLGLGHSPYTILGDDVVI,https://serratus.io/explorer/rdrp?run=SRR5368806,https://s3.amazonaws.com/lovelywater2/assembly/micro/rdrp1/SRR5368806.rdrp1.mu.fa,https://s3.amazonaws.com/logan-pub/c/SRR5368806/SRR5368806.contigs.fa.zst 
u249886,rapaciousCurrency,u78967,SRR5368811,Sus scrofa domesticus,SAMN02645125,PRJNA237795,12,23,GSVDLHQATDHLPFEWMLSIWENLFEGRVSQMVGESWTLFCHVSKGAWLNEGYRDVWTVGQPLGALPSFRCLGLTHNLLLESLCFCLGLGHSPYTILGDDVVI,https://serratus.io/explorer/rdrp?run=SRR5368811,https://s3.amazonaws.com/lovelywater2/assembly/micro/rdrp1/SRR5368811.rdrp1.mu.fa,https://s3.amazonaws.com/logan-pub/c/SRR5368811/SRR5368811.contigs.fa.zst 
u249886,rapaciousCurrency,u78967,SRR5368809,Sus scrofa domesticus,SAMN02645127,PRJNA237795,15,20,GSVDLHQATDHLPFEWMLSIWENLFEGRVSQMVGESWTLFCHVSKGAWLNEGYRDVWTVGQPLGALPSFRCLGLTHNLLLESLCFCLGLGHSPYTILGDDVVI,https://serratus.io/explorer/rdrp?run=SRR5368809,https://s3.amazonaws.com/lovelywater2/assembly/micro/rdrp1/SRR5368809.rdrp1.mu.fa,https://s3.amazonaws.com/logan-pub/c/SRR5368809/SRR5368809.contigs.fa.zst 
u249886,rapaciousCurrency,u78967,SRR14039712,gut metagenome,SAMN18395390,PRJNA716119,109,3,GSVDLHQATDHLPFEWMLSIWENLFEGRVSQMVGESWTLFCHVSKGAWLNEGYRDVWTVGQPLGALPSFRCLGLTHNLLLESLCFCLGLGHSPYTILGDDVVI,https://serratus.io/explorer/rdrp?run=SRR14039712,https://s3.amazonaws.com/lovelywater2/assembly/micro/rdrp1/SRR14039712.rdrp1.mu.fa,https://s3.amazonaws.com/logan-pub/c/SRR14039712/SRR14039712.contigs.fa.zst 
u249886,rapaciousCurrency,u78967,SRR14039773,gut metagenome,SAMN18395259,PRJNA716119,113,3,GSVDLHQATDHLPFEWMLSIWENLFEGRVSQMVGESWTLFCHVSKGAWLNEGYRDVWTVGQPLGALPSFRCLGLTHNLLLESLCFCLGLGHSPYTILGDDVVI,https://serratus.io/explorer/rdrp?run=SRR14039773,https://s3.amazonaws.com/lovelywater2/assembly/micro/rdrp1/SRR14039773.rdrp1.mu.fa,https://s3.amazonaws.com/logan-pub/c/SRR14039773/SRR14039773.contigs.fa.zst 
u249886,rapaciousCurrency,u78967,SRR14039721,gut metagenome,SAMN18395383,PRJNA716119,238,2,GSVDLHQATDHLPFEWMLSIWENLFEGRVSQMVGESWTLFCHVSKGAWLNEGYRDVWTVGQPLGALPSFRCLGLTHNLLLESLCFCLGLGHSPYTILGDDVVI,https://serratus.io/explorer/rdrp?run=SRR14039721,https://s3.amazonaws.com/lovelywater2/assembly/micro/rdrp1/SRR14039721.rdrp1.mu.fa,https://s3.amazonaws.com/logan-pub/c/SRR14039721/SRR14039721.contigs.fa.zst 
u249886,rapaciousCurrency,u78967,SRR5368786,Sus scrofa domesticus,SAMN02645154,PRJNA237795,23,2,GSVDLHQATDHLPFEWMLSIWENLFEGRVSQMVGESWTLFCHVSKGAWLNEGYRDVWTVGQPLGALPSFRCLGLTHNLLLESLCFCLGLGHSPYTILGDDVVI,https://serratus.io/explorer/rdrp?run=SRR5368786,https://s3.amazonaws.com/lovelywater2/assembly/micro/rdrp1/SRR5368786.rdrp1.mu.fa,https://s3.amazonaws.com/logan-pub/c/SRR5368786/SRR5368786.contigs.fa.zst 
u249886,rapaciousCurrency,u78967,SRR14039579,gut metagenome,SAMN18395510,PRJNA716119,146,2,GSVDLHQATDHLPFEWMLSIWENLFEGRVSQMVGESWTLFCHVSKGAWLNEGYRDVWTVGQPLGALPSFRCLGLTHNLLLESLCFCLGLGHSPYTILGDDVVI,https://serratus.io/explorer/rdrp?run=SRR14039579,https://s3.amazonaws.com/lovelywater2/assembly/micro/rdrp1/SRR14039579.rdrp1.mu.fa,https://s3.amazonaws.com/logan-pub/c/SRR14039579/SRR14039579.contigs.fa.zst 
